{
  "group": "high",
  "level_index": 3,
  "altitude": 870.0,
  "u_min": 23.491600036621094,
  "u_max": 24.07349967956543,
  "v_min": 6.943659782409668,
  "v_max": 7.335470199584961,
  "w_min": -0.09098649770021439,
  "w_max": 0.07086940109729767,
  "alt_min": 570.0,
  "alt_max": 870.0,
  "min_lat": 33.01599884033203,
  "max_lat": 33.03678894042969,
  "min_lon": -97.28399658203125,
  "max_lon": -97.2613525390625,
  "num_lat": 24,
  "num_lon": 22,
  "debug_scale": 1,
  "min_x_from_origin": -1074.5179443359375,
  "max_x_from_origin": 1041.62646484375,
  "min_y_from_origin": -1164.500732421875,
  "max_y_from_origin": 1141.0877685546875,
  "lat_origin": 33.0265,
  "lon_origin": -97.2725
}