{
  "group": "high",
  "level_index": 1,
  "altitude": 670.0,
  "u_min": 21.617399215698242,
  "u_max": 23.266199111938477,
  "v_min": 7.407599925994873,
  "v_max": 7.961659908294678,
  "w_min": -0.07285790145397186,
  "w_max": 0.05424309894442558,
  "alt_min": 570.0,
  "alt_max": 870.0,
  "min_lat": 33.01599884033203,
  "max_lat": 33.03678894042969,
  "min_lon": -97.28399658203125,
  "max_lon": -97.2613525390625,
  "num_lat": 24,
  "num_lon": 22,
  "debug_scale": 1,
  "min_x_from_origin": -1074.5179443359375,
  "max_x_from_origin": 1041.62646484375,
  "min_y_from_origin": -1164.500732421875,
  "max_y_from_origin": 1141.0877685546875,
  "lat_origin": 33.0265,
  "lon_origin": -97.2725
}