{
  "level": 11,
  "u_min": -15.72641372680664,
  "u_max": 10.52358627319336,
  "v_min": 12.974447250366211,
  "v_max": 27.47444725036621,
  "w_min": -2.157648852623702,
  "w_max": 3.970055692782923,
  "gh_min": 1816.6031494140625,
  "gh_max": 1975.2593994140625,
  "min_lat": 32.75857870108183,
  "max_lat": 33.216796134747426,
  "min_lon": -97.63402401755566,
  "max_lon": -96.89813983683403,
  "num_lat": 18,
  "num_lon": 24
}