{
  "level": 5,
  "u_min": -18.83983039855957,
  "u_max": 8.41016960144043,
  "v_min": -2.2919254302978516,
  "v_max": 9.145574569702148,
  "w_min": -0.9226307379293973,
  "w_max": 1.3447806231272519,
  "gh_min": 421.6988220214844,
  "gh_max": 607.8550720214844,
  "min_lat": 32.75857870108183,
  "max_lat": 33.216796134747426,
  "min_lon": -97.63402401755566,
  "max_lon": -96.89813983683403,
  "num_lat": 18,
  "num_lon": 24
}