{
  "level": 14,
  "u_min": -9.266279220581055,
  "u_max": 16.233720779418945,
  "v_min": 11.817245483398438,
  "v_max": 35.56724548339844,
  "w_min": -3.068670023140323,
  "w_max": 5.586734279145207,
  "gh_min": 3024.002685546875,
  "gh_max": 3155.221435546875,
  "min_lat": 32.75857870108183,
  "max_lat": 33.216796134747426,
  "min_lon": -97.63402401755566,
  "max_lon": -96.89813983683403,
  "num_lat": 18,
  "num_lon": 24
}