{
  "level": 6,
  "u_min": -21.105731964111328,
  "u_max": 6.706768035888672,
  "v_min": -0.850799560546875,
  "v_max": 10.211700439453125,
  "w_min": -1.38328261761422,
  "w_max": 2.012270321160802,
  "gh_min": 578.794677734375,
  "gh_max": 762.575927734375,
  "min_lat": 32.75857870108183,
  "max_lat": 33.216796134747426,
  "min_lon": -97.63402401755566,
  "max_lon": -96.89813983683403,
  "num_lat": 18,
  "num_lon": 24
}