{
  "level": 15,
  "u_min": -2.943204879760742,
  "u_max": 17.931795120239258,
  "v_min": 11.781532287597656,
  "v_max": 36.281532287597656,
  "w_min": -3.300866283772713,
  "w_max": 6.468463793067876,
  "gh_min": 3530.1708984375,
  "gh_max": 3650.5458984375,
  "min_lat": 32.75857870108183,
  "max_lat": 33.216796134747426,
  "min_lon": -97.63402401755566,
  "max_lon": -96.89813983683403,
  "num_lat": 18,
  "num_lon": 24
}