{
  "level": 4,
  "u_min": -16.44359588623047,
  "u_max": 9.368904113769531,
  "v_min": -3.3378982543945312,
  "v_max": 8.412101745605469,
  "w_min": -0.534149573851673,
  "w_max": 0.7945282212619001,
  "gh_min": 301.6559295654297,
  "gh_max": 489.2184295654297,
  "min_lat": 32.75857870108183,
  "max_lat": 33.216796134747426,
  "min_lon": -97.63402401755566,
  "max_lon": -96.89813983683403,
  "num_lat": 18,
  "num_lon": 24
}