{
  "level": 13,
  "u_min": -11.760246276855469,
  "u_max": 14.489753723144531,
  "v_min": 13.167701721191406,
  "v_max": 34.730201721191406,
  "w_min": -2.5266138115473367,
  "w_max": 5.121637412892623,
  "gh_min": 2573.740234375,
  "gh_max": 2714.208984375,
  "min_lat": 32.75857870108183,
  "max_lat": 33.216796134747426,
  "min_lon": -97.63402401755566,
  "max_lon": -96.89813983683403,
  "num_lat": 18,
  "num_lon": 24
}