{
  "level": 8,
  "u_min": -21.977779388427734,
  "u_max": 4.147220611572266,
  "v_min": 3.5436248779296875,
  "v_max": 18.481124877929688,
  "w_min": -2.1480612581500695,
  "w_max": 3.2842213428242424,
  "gh_min": 983.44775390625,
  "gh_max": 1161.01025390625,
  "min_lat": 32.75857870108183,
  "max_lat": 33.216796134747426,
  "min_lon": -97.63402401755566,
  "max_lon": -96.89813983683403,
  "num_lat": 18,
  "num_lon": 24
}