{
  "level": 3,
  "u_min": -14.121078491210938,
  "u_max": 9.378921508789062,
  "v_min": -3.8976287841796875,
  "v_max": 7.6648712158203125,
  "w_min": -0.2675380992524377,
  "w_max": 0.40310022479153856,
  "gh_min": 219.13565826416016,
  "gh_max": 407.60440826416016,
  "min_lat": 32.75857870108183,
  "max_lat": 33.216796134747426,
  "min_lon": -97.63402401755566,
  "max_lon": -96.89813983683403,
  "num_lat": 18,
  "num_lon": 24
}