{
  "level": 10,
  "u_min": -18.316591262817383,
  "u_max": 3.683408737182617,
  "v_min": 9.756549835205078,
  "v_max": 28.069049835205078,
  "w_min": -2.2940803202714513,
  "w_max": 3.72245735095969,
  "gh_min": 1501.9052734375,
  "gh_max": 1668.4677734375,
  "min_lat": 32.75857870108183,
  "max_lat": 33.216796134747426,
  "min_lon": -97.63402401755566,
  "max_lon": -96.89813983683403,
  "num_lat": 18,
  "num_lon": 24
}