{
  "level": 7,
  "u_min": -21.657306671142578,
  "u_max": 5.155193328857422,
  "v_min": 1.6783409118652344,
  "v_max": 12.803340911865234,
  "w_min": -1.8293471738373748,
  "w_max": 2.7091597129138045,
  "gh_min": 768.119140625,
  "gh_max": 948.681640625,
  "min_lat": 32.75857870108183,
  "max_lat": 33.216796134747426,
  "min_lon": -97.63402401755566,
  "max_lon": -96.89813983683403,
  "num_lat": 18,
  "num_lon": 24
}