{
  "level": 2,
  "u_min": -12.093158721923828,
  "u_max": 8.906841278076172,
  "v_min": -3.9300718307495117,
  "v_max": 6.632428169250488,
  "w_min": -0.1809589888640164,
  "w_max": 0.17378571848640953,
  "gh_min": 169.04143524169922,
  "gh_max": 358.0726852416992,
  "min_lat": 32.75857870108183,
  "max_lat": 33.216796134747426,
  "min_lon": -97.63402401755566,
  "max_lon": -96.89813983683403,
  "num_lat": 18,
  "num_lon": 24
}