{
  "level": 1,
  "u_min": -9.687274932861328,
  "u_max": 7.375225067138672,
  "v_min": -3.496044158935547,
  "v_max": 4.878955841064453,
  "w_min": -0.12159651525673155,
  "w_max": 0.07296232511684887,
  "gh_min": 140.34188842773438,
  "gh_max": 329.6856384277344,
  "min_lat": 32.75857870108183,
  "max_lat": 33.216796134747426,
  "min_lon": -97.63402401755566,
  "max_lon": -96.89813983683403,
  "num_lat": 18,
  "num_lon": 24
}