{
  "level": 12,
  "u_min": -14.180641174316406,
  "u_max": 12.819358825683594,
  "v_min": 13.2430419921875,
  "v_max": 32.4930419921875,
  "w_min": -2.284960554880546,
  "w_max": 4.495380242756036,
  "gh_min": 2172.8670654296875,
  "gh_max": 2322.3983154296875,
  "min_lat": 32.75857870108183,
  "max_lat": 33.216796134747426,
  "min_lon": -97.63402401755566,
  "max_lon": -96.89813983683403,
  "num_lat": 18,
  "num_lon": 24
}