{
  "level": 9,
  "u_min": -19.65380096435547,
  "u_max": 3.6586990356445312,
  "v_min": 6.035942077636719,
  "v_max": 25.47344207763672,
  "w_min": -2.2446344753287444,
  "w_max": 3.607473625796871,
  "gh_min": 1225.7415771484375,
  "gh_max": 1398.7415771484375,
  "min_lat": 32.75857870108183,
  "max_lat": 33.216796134747426,
  "min_lon": -97.63402401755566,
  "max_lon": -96.89813983683403,
  "num_lat": 18,
  "num_lon": 24
}