var,min,max
u,-21.97778,17.9318
v,-3.93007,36.28153
w,-3.30087,6.46846
mag,0.28151952347927844,38.878055120324625
