{
  "group": "low",
  "level_index": 13,
  "altitude": 310.0,
  "u_min": 9.963589668273926,
  "u_max": 12.339099884033203,
  "v_min": 4.875830173492432,
  "v_max": 6.5225701332092285,
  "w_min": -0.7094380259513855,
  "w_max": 0.9334989786148071,
  "alt_min": 180.0,
  "alt_max": 320.0,
  "min_lat": 33.01599884033203,
  "max_lat": 33.03678894042969,
  "min_lon": -97.28399658203125,
  "max_lon": -97.2613525390625,
  "num_lat": 231,
  "num_lon": 211,
  "debug_scale": 1,
  "min_x_from_origin": -1074.5179443359375,
  "max_x_from_origin": 1041.62646484375,
  "min_y_from_origin": -1164.500732421875,
  "max_y_from_origin": 1141.0877685546875,
  "lat_origin": 33.0265,
  "lon_origin": -97.2725
}