{
  "group": "low",
  "level_index": 10,
  "altitude": 280.0,
  "u_min": 7.8902997970581055,
  "u_max": 11.515000343322754,
  "v_min": 3.567739963531494,
  "v_max": 6.055099964141846,
  "w_min": -1.0617899894714355,
  "w_max": 1.6382900476455688,
  "alt_min": 180.0,
  "alt_max": 320.0,
  "min_lat": 33.01599884033203,
  "max_lat": 33.03678894042969,
  "min_lon": -97.28399658203125,
  "max_lon": -97.2613525390625,
  "num_lat": 231,
  "num_lon": 211,
  "debug_scale": 1,
  "min_x_from_origin": -1074.5179443359375,
  "max_x_from_origin": 1041.62646484375,
  "min_y_from_origin": -1164.500732421875,
  "max_y_from_origin": 1141.0877685546875,
  "lat_origin": 33.0265,
  "lon_origin": -97.2725
}